2	1.51689	43.12581853
6	-0.944373	16.78414451
10	-6.30769	17.23449907
14	-10.2919	17.15100874
18	-15.0159	17.15198044
22	-18.0241	17.15230777
26	-20.4613	17.15229712
30	-25.935	17.15229743
34	-30.2376	17.15229744
38	-33.7729	17.15229744
42	-37.5705	17.15229744
46	-41.9235	17.15229744
50	-44.8318	17.15229744
54	-49.0927	17.15229744
58	-52.9455	17.15229744
62	-57.5347	17.15229744
66	-61.026	17.15229744
70	-65.4992	17.15229744
74	-69.9927	17.15229744
78	-74.587	17.15229744
82	-78.1779	17.15229744
86	-82.2449	17.15229744
90	-85.4071	17.15229744
94	-89.8685	17.15229744
98	-93.2729	17.15229744
2	0.966445	67.18387406
6	0.933089	6.013524312
10	-5.6477	7.494244577
14	-9.70178	7.472190925
18	-13.418	7.474027913
22	-17.8481	7.473961634
26	-20.5159	7.473963123
30	-26.6014	7.473962888
34	-28.8655	7.473962856
38	-33.6984	7.473962854
42	-37.7898	7.473962854
46	-42.4437	7.473962854
50	-45.4814	7.473962854
54	-49.8904	7.473962854
58	-53.8232	7.473962854
62	-57.232	7.473962854
66	-61.4469	7.473962854
70	-66.2767	7.473962854
74	-69.5982	7.473962854
78	-73.5799	7.473962854
82	-77.157	7.473962854
86	-81.9181	7.473962854
90	-85.1694	7.473962854
94	-90.2897	7.473962854
98	-93.8861	7.473962854
2	1.00098	38.91730114
6	-2.51386	50.76785667
10	-4.44796	54.97011615
14	-8.97559	54.07325107
18	-14.1462	54.05136884
22	-18.7522	54.05189193
26	-20.8601	54.05197926
30	-24.9719	54.05197572
34	-28.9367	54.05197591
38	-32.6561	54.05197589
42	-36.8005	54.05197589
46	-40.7244	54.05197589
50	-44.8662	54.05197589
54	-49.764	54.05197589
58	-55.0637	54.05197589
62	-57.6328	54.05197589
66	-60.7395	54.05197589
70	-65.5681	54.05197589
74	-68.5315	54.05197589
78	-73.2408	54.05197589
82	-76.4197	54.05197589
86	-81.2884	54.05197589
90	-85.8651	54.05197589
94	-88.7235	54.05197589
98	-93.5681	54.05197589
2	1.59803	11.86314428
6	0.0497754	18.3529266
10	-1.90597	15.51323337
14	-9.38271	15.62573354
18	-12.2214	15.62101564
22	-12.5939	15.6210431
26	-19.2926	15.62104907
30	-25.2599	15.62104998
34	-28.277	15.62104991
38	-32.7898	15.62104991
42	-33.406	15.62104992
46	-37.1123	15.62104992
50	-41.7888	15.62104992
54	-44.9516	15.62104992
58	-53.2683	15.62104992
62	-55.123	15.62104992
66	-58.485	15.62104992
70	-63.9872	15.62104992
74	-64.2703	15.62104992
78	-69.7133	15.62104992
82	-74.2464	15.62104992
86	-79.329	15.62104992
90	-83.6865	15.62104992
94	-87.587	15.62104992
98	-89.2485	15.62104992
2	0.760397	20.45333392
6	-1.96808	22.37662193
10	-6.10834	26.14536503
14	-9.37253	26.23723443
18	-14.2075	26.2509477
22	-17.6856	26.25072537
26	-22.148	26.25067908
30	-25.8544	26.25067697
34	-29.7078	26.25067702
38	-35.2059	26.25067703
42	-38.2321	26.25067703
46	-42.3805	26.25067703
50	-47.1308	26.25067703
54	-49.4671	26.25067703
58	-54.1847	26.25067703
62	-58.3884	26.25067703
66	-61.9817	26.25067703
70	-66.2362	26.25067703
74	-69.8745	26.25067703
78	-73.5682	26.25067703
82	-78.4619	26.25067703
86	-81.4081	26.25067703
90	-86.863	26.25067703
94	-91.1275	26.25067703
98	-94.2412	26.25067703
2	0.883113	5.050270077
6	-2.34009	79.37912661
10	-5.48436	99.56615607
14	-10.8847	98.14192185
18	-14.1404	98.27626422
22	-18.6935	98.27082953
26	-21.7721	98.27148239
30	-26.0078	98.27146645
34	-29.9937	98.27146798
38	-34.4224	98.27146801
42	-38.9859	98.271468
46	-42.3768	98.27146801
50	-46.1713	98.27146801
54	-50.6796	98.27146801
58	-54.2654	98.27146801
62	-58.7172	98.27146801
66	-62.4254	98.27146801
70	-66.5097	98.27146801
74	-69.5413	98.27146801
78	-74.4651	98.27146801
82	-79.2896	98.27146801
86	-82.7016	98.27146801
90	-85.4876	98.27146801
94	-89.7463	98.27146801
98	-94.2894	98.27146801
2	0.524752	43.5853611
6	-1.49181	5.581998882
10	-6.6663	48.97927968
14	-10.88	49.62504037
18	-13.0869	49.53403955
22	-16.1279	49.53277765
26	-21.5131	49.5325827
30	-25.8711	49.53258525
34	-29.4102	49.53258469
38	-32.9005	49.53258472
42	-37.3572	49.53258472
46	-40.3925	49.53258472
50	-44.2624	49.53258472
54	-49.9719	49.53258472
58	-52.2673	49.53258472
62	-57.2275	49.53258472
66	-60.8992	49.53258472
70	-64.0424	49.53258472
74	-69.2973	49.53258472
78	-71.7172	49.53258472
82	-76.8402	49.53258472
86	-81.4266	49.53258472
90	-85.9183	49.53258472
94	-89.4553	49.53258472
98	-92.4955	49.53258472
2	0.292484	30.56219381
6	-3.14828	17.62836479
10	-6.61818	16.86289888
14	-10.3081	16.93924282
18	-14.026	16.94079474
22	-18.1558	16.94090969
26	-23.4277	16.9409012
30	-26.9691	16.94090102
34	-30.8211	16.94090101
38	-34.3005	16.94090102
42	-37.9509	16.94090102
46	-42.7426	16.94090102
50	-46.7283	16.94090102
54	-49.6864	16.94090102
58	-53.6167	16.94090102
62	-57.5957	16.94090102
66	-62.3789	16.94090102
70	-66.0723	16.94090102
74	-70.9733	16.94090102
78	-74.2747	16.94090102
82	-78.1149	16.94090102
86	-82.6384	16.94090102
90	-86.3186	16.94090102
94	-90.5223	16.94090102
98	-94.1177	16.94090102
2	1.5983	6.738535562
6	-0.641608	10.89117828
10	-3.07894	5.687640535
14	-8.08963	5.678319827
18	-11.7988	5.678419692
22	-15.1098	5.678404175
26	-19.4785	5.678396909
30	-24.0942	5.678396924
34	-28.7426	5.678396921
38	-33.6226	5.678396921
42	-37.3148	5.678396921
46	-39.8059	5.678396921
50	-43.3209	5.678396921
54	-49.0187	5.678396921
58	-51.7227	5.678396921
62	-56.6285	5.678396921
66	-60.501	5.678396921
70	-63.3221	5.678396921
74	-68.2504	5.678396921
78	-72.5946	5.678396921
82	-76.5908	5.678396921
86	-80.3108	5.678396921
90	-85.197	5.678396921
94	-88.1034	5.678396921
98	-91.6774	5.678396921
2	1.12082	56.70101582
6	-0.123588	16.77204173
10	-5.21276	8.229924472
14	-10.4297	8.23298179
18	-10.5098	8.232369613
22	-14.784	8.232502057
26	-18.2135	8.232500207
30	-23.0128	8.232499728
34	-25.6394	8.232499731
38	-31.534	8.232499732
42	-38.4155	8.232499732
46	-41.0227	8.232499732
50	-43.6814	8.232499732
54	-47.9657	8.232499732
58	-54.1641	8.232499732
62	-54.2556	8.232499732
66	-58.0663	8.232499732
70	-64.6374	8.232499732
74	-65.8639	8.232499732
78	-74.1335	8.232499732
82	-77.6851	8.232499732
86	-80.1933	8.232499732
90	-86.2173	8.232499732
94	-85.9655	8.232499732
98	-92.6447	8.232499732
2	0.870511	4.640948395
6	-2.00881	238.1479487
10	-6.55738	253.8639762
14	-10.2314	252.4301627
18	-13.6464	252.8107954
22	-17.9044	252.7482049
26	-21.8279	252.7469971
30	-25.471	252.7470838
34	-31.0622	252.7470891
38	-33.4981	252.7470891
42	-37.8982	252.7470891
46	-42.0222	252.7470891
50	-45.2691	252.7470891
54	-50.3051	252.7470891
58	-53.5418	252.7470891
62	-58.3605	252.7470891
66	-61.4547	252.7470891
70	-66.5918	252.7470891
74	-70.7035	252.7470891
78	-74.5009	252.7470891
82	-77.0749	252.7470891
86	-81.5289	252.7470891
90	-86.0937	252.7470891
94	-90.1739	252.7470891
98	-93.7633	252.7470891
2	1.61113	5.144000124
6	-1.37439	33.56752774
10	-4.57451	26.33503531
14	-10.0999	26.52429516
18	-12.2864	26.53734996
22	-16.8801	26.53736983
26	-21.9961	26.53728962
30	-25.2804	26.53728195
34	-29.3785	26.5372822
38	-32.7606	26.53728221
42	-36.5151	26.53728221
46	-40.7946	26.53728221
50	-45.9485	26.53728221
54	-48.7591	26.53728221
58	-53.4465	26.53728221
62	-56.6174	26.53728221
66	-62.9167	26.53728221
70	-65.028	26.53728221
74	-69.6934	26.53728221
78	-73.0234	26.53728221
82	-77.4835	26.53728221
86	-81.4487	26.53728221
90	-85.0847	26.53728221
94	-88.8985	26.53728221
98	-93.9733	26.53728221
2	1.08661	7.97950198
6	-1.0847	26.03913162
10	-5.70954	25.56395018
14	-10.9237	25.60855493
18	-14.6987	25.60942217
22	-18.0862	25.60907515
26	-21.19	25.6090929
30	-26.1819	25.60909375
34	-29.5668	25.60909385
38	-34.9575	25.60909385
42	-37.4184	25.60909385
46	-42.3946	25.60909385
50	-45.2137	25.60909385
54	-49.7172	25.60909385
58	-54.1465	25.60909385
62	-57.6549	25.60909385
66	-62.755	25.60909385
70	-65.4409	25.60909385
74	-71.4899	25.60909385
78	-74.8661	25.60909385
82	-78.4423	25.60909385
86	-82.8476	25.60909385
90	-85.8819	25.60909385
94	-89.5385	25.60909385
98	-95.3715	25.60909385
2	0.392593	31.81370791
6	-2.33585	9.700528184
10	-5.42605	10.14121602
14	-9.81623	10.09699887
18	-14.856	10.09923258
22	-16.9636	10.09926797
26	-22.0738	10.09928192
30	-25.5675	10.09928185
34	-28.8537	10.09928187
38	-34.3852	10.09928187
42	-38.3348	10.09928187
46	-41.5901	10.09928187
50	-47.8272	10.09928187
54	-49.512	10.09928187
58	-53.0323	10.09928187
62	-57.9353	10.09928187
66	-61.7964	10.09928187
70	-66.8429	10.09928187
74	-69.3864	10.09928187
78	-74.6198	10.09928187
82	-77.7053	10.09928187
86	-83.552	10.09928187
90	-87.1279	10.09928187
94	-89.9892	10.09928187
98	-93.8635	10.09928187
2	0.865875	6.09184197
6	-2.62643	23.76277167
10	-3.78341	21.66554952
14	-10.026	21.6117942
18	-14.861	21.6149915
22	-16.5115	21.61524354
26	-20.7256	21.61524977
30	-24.3145	21.61524953
34	-29.9594	21.61524952
38	-33.4611	21.6152495
42	-37.9552	21.6152495
46	-42.0411	21.6152495
50	-46.7379	21.6152495
54	-49.6477	21.6152495
58	-53.2542	21.6152495
62	-56.9819	21.6152495
66	-60.665	21.6152495
70	-64.9933	21.6152495
74	-67.741	21.6152495
78	-73.9034	21.6152495
82	-78.0696	21.6152495
86	-82.7754	21.6152495
90	-84.6882	21.6152495
94	-87.9207	21.6152495
98	-93.0413	21.6152495
2	1.65597	14.15572359
6	-1.67888	334.3777955
10	-5.74614	304.4973134
14	-9.43098	296.4828574
18	-15.2799	299.0997626
22	-16.4009	299.0922539
26	-20.9153	299.0914144
30	-26.7796	299.0915575
34	-28.6491	299.0915361
38	-33.0273	299.0915351
42	-36.7957	299.0915352
46	-39.7477	299.0915352
50	-44.9297	299.0915352
54	-48.6683	299.0915352
58	-52.1266	299.0915352
62	-57.7715	299.0915352
66	-60.657	299.0915352
70	-65.7142	299.0915352
74	-69.2387	299.0915352
78	-72.6995	299.0915352
82	-78.0255	299.0915352
86	-82.1064	299.0915352
90	-85.0144	299.0915352
94	-91.1771	299.0915352
98	-93.6969	299.0915352
2	1.59484	18.51631904
6	-3.07106	39.84369778
10	-6.53148	12.51586438
14	-10.1853	12.43546351
18	-14.2592	12.436939
22	-17.6312	12.43683949
26	-21.7708	12.43683727
30	-26.1776	12.43683728
34	-29.8869	12.43683737
38	-34.1322	12.43683737
42	-38.7302	12.43683737
46	-41.2819	12.43683737
50	-47.2403	12.43683737
54	-50.5871	12.43683737
58	-54.2994	12.43683737
62	-57.3432	12.43683737
66	-61.9809	12.43683737
70	-65.6162	12.43683737
74	-69.4456	12.43683737
78	-74.7425	12.43683737
82	-78.363	12.43683737
86	-82.299	12.43683737
90	-87.3095	12.43683737
94	-90.864	12.43683737
98	-93.297	12.43683737
2	1.71428	11.8723535
6	-2.28598	9.134365863
10	-3.36565	11.85477657
14	-7.04434	11.8294218
18	-13.3195	11.82817051
22	-15.6852	11.82862205
26	-19.3344	11.82862953
30	-24.0382	11.82862863
34	-28.2047	11.82862853
38	-30.5509	11.82862853
42	-34.2777	11.82862853
46	-39.7869	11.82862853
50	-43.9227	11.82862853
54	-47.5359	11.82862853
58	-51.7923	11.82862853
62	-54.7593	11.82862853
66	-58.725	11.82862853
70	-65.1645	11.82862853
74	-68.0216	11.82862853
78	-70.5647	11.82862853
82	-74.5509	11.82862853
86	-81.3066	11.82862853
90	-83.396	11.82862853
94	-86.198	11.82862853
98	-92.9808	11.82862853
2	0.814625	24.22269374
6	-1.40686	75.94361858
10	-5.90173	79.89143558
14	-10.0747	77.91198677
18	-14.1284	77.93140745
22	-17.3912	77.92474845
26	-21.7694	77.92512324
30	-25.8	77.92510221
34	-30.6061	77.92510225
38	-33.9537	77.92510228
42	-37.8909	77.92510227
46	-42.5488	77.92510227
50	-45.881	77.92510227
54	-49.8185	77.92510227
58	-53.9886	77.92510227
62	-58.5343	77.92510227
66	-62.6847	77.92510227
70	-66.6391	77.92510227
74	-70.1172	77.92510227
78	-75.5073	77.92510227
82	-79.0297	77.92510227
86	-82.1938	77.92510227
90	-85.7049	77.92510227
94	-90.0418	77.92510227
98	-94.1232	77.92510227
2	0.903113	5.423854887
6	0.175017	7.238019022
10	-3.45107	7.0766185
14	-6.92096	7.0847024
18	-12.9672	7.085682932
22	-15.636	7.085636421
26	-20.1635	7.085634521
30	-25.9991	7.085634446
34	-27.6459	7.085634445
38	-31.2125	7.085634446
42	-36.9203	7.085634446
46	-40.078	7.085634446
50	-44.3633	7.085634446
54	-46.8374	7.085634446
58	-52.1103	7.085634446
62	-56.1098	7.085634446
66	-61.9036	7.085634446
70	-67.9992	7.085634446
74	-67.3952	7.085634446
78	-73.1536	7.085634446
82	-75.9375	7.085634446
86	-81.8713	7.085634446
90	-85.7095	7.085634446
94	-87.3919	7.085634446
98	-92.5467	7.085634446
2	0.521614	83.31585196
6	-0.341613	39.29077313
10	-3.51728	5.700284557
14	-7.12068	5.707700544
18	-9.97407	5.709165383
22	-15.2166	5.709160514
26	-19.9623	5.709166472
30	-23.7703	5.709166222
34	-27.8772	5.709166239
38	-30.0847	5.709166238
42	-33.0165	5.709166238
46	-41.2378	5.709166238
50	-45.505	5.709166238
54	-47.9889	5.709166238
58	-50.4276	5.709166238
62	-55.3181	5.709166238
66	-59.2965	5.709166238
70	-64.0508	5.709166238
74	-66.1327	5.709166238
78	-70.4163	5.709166238
82	-73.3	5.709166238
86	-79.4569	5.709166238
90	-85.1589	5.709166238
94	-86.6348	5.709166238
98	-91.0662	5.709166238
2	1.97035	11.62763059
6	-0.891639	75.29790932
10	-6.01379	116.7680316
14	-9.7623	115.671049
18	-14.74	115.305196
22	-18.766	115.3237289
26	-20.9279	115.3231321
30	-25.6908	115.3231669
34	-29.244	115.3231691
38	-33.7564	115.3231692
42	-37.274	115.3231692
46	-42.7991	115.3231692
50	-47.1706	115.3231692
54	-50.1935	115.3231692
58	-53.5111	115.3231692
62	-58.3781	115.3231692
66	-61.8078	115.3231692
70	-67.0619	115.3231692
74	-69.2262	115.3231692
78	-74.9724	115.3231692
82	-77.0076	115.3231692
86	-82.5438	115.3231692
90	-85.4789	115.3231692
94	-90.1364	115.3231692
98	-95.0765	115.3231692
2	0.492586	8.12350329
6	-0.946187	25.25904519
10	-6.5482	9.053468457
14	-10.792	9.040749687
18	-13.6743	9.042191977
22	-17.1533	9.042350675
26	-22.5982	9.042338366
30	-26.3432	9.042338151
34	-30.783	9.042338155
38	-34.3577	9.042338154
42	-39.0499	9.042338154
46	-43.0865	9.042338154
50	-47.4138	9.042338154
54	-50.5243	9.042338154
58	-55.3176	9.042338154
62	-57.3918	9.042338154
66	-62.6729	9.042338154
70	-67.4883	9.042338154
74	-70.1304	9.042338154
78	-74.4801	9.042338154
82	-77.5812	9.042338154
86	-82.5348	9.042338154
90	-86.0832	9.042338154
94	-90.8757	9.042338154
98	-94.3434	9.042338154
2	1.06285	8.375840403
6	-1.38051	7.656944219
10	-4.66152	7.442038613
14	-8.92152	7.448726106
18	-12.3394	7.448270813
22	-16.4773	7.448405057
26	-21.2109	7.448407099
30	-24.8861	7.448406353
34	-29.7905	7.448406371
38	-33.0097	7.448406371
42	-36.7723	7.448406371
46	-40.1617	7.448406371
50	-44.9659	7.448406371
54	-48.0371	7.448406371
58	-52.3889	7.448406371
62	-57.0091	7.448406371
66	-61.8156	7.448406371
70	-64.8343	7.448406371
74	-67.7335	7.448406371
78	-72.3474	7.448406371
82	-76.0616	7.448406371
86	-79.9795	7.448406371
90	-84.7732	7.448406371
94	-90.8762	7.448406371
98	-93.4145	7.448406371
2	1.9051	6.591704251
6	-2.80907	84.8376524
10	-4.15273	92.18276489
14	-8.77976	91.60891182
18	-12.3369	91.69389258
22	-16.1888	91.68037627
26	-21.7189	91.68052549
30	-24.6305	91.68049193
34	-30.6034	91.68049146
38	-33.1942	91.68049145
42	-37.4012	91.68049144
46	-40.7888	91.68049144
50	-44.8534	91.68049144
54	-49.1705	91.68049144
58	-53.4627	91.68049144
62	-56.9174	91.68049144
66	-59.9991	91.68049144
70	-64.4886	91.68049144
74	-69.0634	91.68049144
78	-73.4405	91.68049144
82	-77.2307	91.68049144
86	-80.6078	91.68049144
90	-85.6659	91.68049144
94	-89.134	91.68049144
98	-93.7755	91.68049144
2	2.07964	42.68209365
6	-2.37356	7.615533124
10	-5.65194	7.53448884
14	-8.59259	7.564393953
18	-14.0465	7.565298473
22	-17.6513	7.565228703
26	-21.1625	7.565227228
30	-25.7306	7.565227248
34	-30.3148	7.56522727
38	-34.3949	7.56522727
42	-37.1944	7.56522727
46	-41.2821	7.56522727
50	-44.2743	7.56522727
54	-49.2421	7.56522727
58	-53.0226	7.56522727
62	-56.9339	7.56522727
66	-62.5426	7.56522727
70	-65.9037	7.56522727
74	-68.9579	7.56522727
78	-72.3856	7.56522727
82	-77.9224	7.56522727
86	-81.4486	7.56522727
90	-85.8913	7.56522727
94	-88.8918	7.56522727
98	-92.7663	7.56522727
2	1.77723	22.94450332
6	-1.27878	19.58910641
10	-5.44863	13.40509473
14	-10.0852	20.6285989
18	-14.0951	20.61769573
22	-18.2123	20.61825375
26	-21.4716	20.61822359
30	-25.9916	20.61822551
34	-29.6467	20.61822555
38	-33.2034	20.61822555
42	-37.3543	20.61822555
46	-41.6699	20.61822555
50	-45.7595	20.61822555
54	-49.7557	20.61822555
58	-53.9849	20.61822555
62	-57.5496	20.61822555
66	-61.9967	20.61822555
70	-66.0675	20.61822555
74	-70.0176	20.61822555
78	-74.2924	20.61822555
82	-79.081	20.61822555
86	-81.8334	20.61822555
90	-85.0188	20.61822555
94	-89.3045	20.61822555
98	-93.2099	20.61822555
2	1.24336	20.1054859
6	-1.96878	16.45047482
10	-6.00304	14.96251011
14	-9.36925	14.93044293
18	-14.2944	14.93408259
22	-18.8406	14.9341082
26	-22.2374	14.93410676
30	-25.0141	14.93410588
34	-29.4245	14.93410594
38	-33.1135	14.93410594
42	-37.2416	14.93410594
46	-41.2947	14.93410594
50	-45.628	14.93410594
54	-50.057	14.93410594
58	-53.469	14.93410594
62	-56.9848	14.93410594
66	-61.7009	14.93410594
70	-65.6074	14.93410594
74	-69.8769	14.93410594
78	-74.1808	14.93410594
82	-77.7171	14.93410594
86	-81.6205	14.93410594
90	-85.0926	14.93410594
94	-89.4393	14.93410594
98	-93.8416	14.93410594
2	0.712856	7.729168479
6	-2.13154	10.62787155
10	-6.09089	10.77928172
14	-10.488	10.73740329
18	-13.5153	10.73708781
22	-18.7113	10.73690028
26	-22.2254	10.73689587
30	-26.9316	10.73689655
34	-29.712	10.7368965
38	-33.7623	10.7368965
42	-37.2429	10.7368965
46	-42.4232	10.7368965
50	-46.816	10.7368965
54	-49.9363	10.7368965
58	-54.535	10.7368965
62	-58.3514	10.7368965
66	-62.417	10.7368965
70	-66.318	10.7368965
74	-69.6831	10.7368965
78	-74.7969	10.7368965
82	-78.1624	10.7368965
86	-82.7287	10.7368965
90	-86.4003	10.7368965
94	-89.8324	10.7368965
98	-94.7392	10.7368965
2	1.88949	3.207412474
6	-1.87502	26.10305704
10	-5.26887	30.19173088
14	-11.106	30.97765393
18	-13.8948	30.97463194
22	-17.5832	30.97468139
26	-23.7644	30.97457402
30	-25.8935	30.97458165
34	-30.3303	30.97458214
38	-34.7223	30.97458212
42	-38.4027	30.97458212
46	-42.0759	30.97458212
50	-45.892	30.97458212
54	-50.2468	30.97458212
58	-54.0957	30.97458212
62	-58.1977	30.97458212
66	-63.2337	30.97458212
70	-65.8093	30.97458212
74	-71.0136	30.97458212
78	-73.9538	30.97458212
82	-78.3386	30.97458212
86	-81.7801	30.97458212
90	-86.4473	30.97458212
94	-89.948	30.97458212
98	-94.2745	30.97458212
2	1.40169	10.35944132
6	-2.78852	24.37178852
10	-7.18455	25.02992359
14	-11.084	24.83836147
18	-14.4789	24.83793716
22	-17.9875	24.83797592
26	-21.7902	24.83788358
30	-26.5357	24.83788511
34	-30.8066	24.83788509
38	-33.8524	24.83788509
42	-38.7094	24.83788509
46	-42.7284	24.83788509
50	-46.312	24.83788509
54	-50.005	24.83788509
58	-54.2501	24.83788509
62	-58.3776	24.83788509
66	-63.4608	24.83788509
70	-66.5522	24.83788509
74	-70.0199	24.83788509
78	-74.7188	24.83788509
82	-78.7001	24.83788509
86	-82.4338	24.83788509
90	-86.5433	24.83788509
94	-90.3595	24.83788509
98	-94.754	24.83788509
2	1.62312	28.53085865
6	-1.31642	9.894273497
10	-4.09918	9.500591054
14	-9.45589	9.545084544
18	-12.1609	9.544005401
22	-16.2836	9.543930948
26	-20.3719	9.543931915
30	-24.9992	9.543931995
34	-29.6578	9.543931999
38	-34.1607	9.543931996
42	-37.103	9.543931996
46	-40.8226	9.543931996
50	-45.4017	9.543931996
54	-49.579	9.543931996
58	-53.0429	9.543931996
62	-58.3123	9.543931996
66	-59.7865	9.543931996
70	-67.2864	9.543931996
74	-69.1713	9.543931996
78	-74.7316	9.543931996
82	-76.7794	9.543931996
86	-81.7307	9.543931996
90	-85.0674	9.543931996
94	-88.2809	9.543931996
98	-93.4633	9.543931996
2	1.07461	7.622367629
6	-2.99306	11.48946604
10	-5.38911	11.70118433
14	-10.161	11.76814728
18	-14.5694	11.76717354
22	-16.9597	11.7673074
26	-22.1909	11.7673147
30	-25.9045	11.76731404
34	-30.3157	11.76731406
38	-33.2584	11.76731406
42	-38.4796	11.76731406
46	-41.8903	11.76731406
50	-46.8967	11.76731406
54	-50.166	11.76731406
58	-53.1421	11.76731406
62	-57.4413	11.76731406
66	-62.5284	11.76731406
70	-65.5013	11.76731406
74	-69.0367	11.76731406
78	-73.6244	11.76731406
82	-78.5	11.76731406
86	-82.0527	11.76731406
90	-84.9596	11.76731406
94	-89.3546	11.76731406
98	-94.1965	11.76731406
2	1.16052	4.787791718
6	-2.35385	13.51663767
10	-6.82892	11.01241552
14	-10.9743	11.00613703
18	-14.0808	11.00681049
22	-17.3996	11.00679231
26	-22.5821	11.00677252
30	-27.7869	11.00677243
34	-28.9742	11.00677247
38	-35.276	11.00677247
42	-37.8515	11.00677247
46	-41.8108	11.00677247
50	-46.1469	11.00677247
54	-50.6391	11.00677247
58	-53.7462	11.00677247
62	-57.7521	11.00677247
66	-62.9895	11.00677247
70	-65.6963	11.00677247
74	-70.9914	11.00677247
78	-73.3881	11.00677247
82	-77.7384	11.00677247
86	-81.2592	11.00677247
90	-85.9511	11.00677247
94	-90.1781	11.00677247
98	-93.8072	11.00677247
2	2.70929	18.85649472
6	-0.803331	44.98844692
10	-4.46614	47.8536966
14	-9.84419	47.23344288
18	-12.4556	47.24878375
22	-15.7881	47.24944504
26	-20.7812	47.24941169
30	-25.842	47.2494122
34	-28.8979	47.2494129
38	-33.0588	47.24941288
42	-38.5853	47.24941288
46	-40.8526	47.24941288
50	-46.1079	47.24941288
54	-50.2693	47.24941288
58	-54.7538	47.24941288
62	-56.4133	47.24941288
66	-61.7143	47.24941288
70	-64.998	47.24941288
74	-69.1991	47.24941288
78	-72.7141	47.24941288
82	-78.7335	47.24941288
86	-80.9122	47.24941288
90	-84.8909	47.24941288
94	-88.7657	47.24941288
98	-93.112	47.24941288
2	0.366844	32.72957932
6	-0.69347	14.93063327
10	-7.16598	79.072137
14	-9.67482	77.10947026
18	-13.6449	77.07393544
22	-17.3109	77.07163208
26	-20.964	77.07227328
30	-25.7336	77.07224406
34	-30.2835	77.07224242
38	-33.6142	77.0722424
42	-37.8887	77.07224239
46	-42.0086	77.07224239
50	-45.7736	77.07224239
54	-50.1151	77.07224239
58	-53.6658	77.07224239
62	-56.8109	77.07224239
66	-61.9328	77.07224239
70	-66.7923	77.07224239
74	-70.1336	77.07224239
78	-74.243	77.07224239
82	-78.2695	77.07224239
86	-80.2736	77.07224239
90	-85.9272	77.07224239
94	-90.0059	77.07224239
98	-94.69	77.07224239
2	2.17459	81.06430405
6	-2.00894	9.275185941
10	-4.96535	6.152699839
14	-9.02975	6.228530161
18	-14.1318	6.227353259
22	-17.3376	6.227290703
26	-19.0363	6.227286119
30	-25.8769	6.227286173
34	-28.5565	6.227286155
38	-31.1007	6.227286153
42	-36.8974	6.227286153
46	-42.7434	6.227286153
50	-45.3962	6.227286153
54	-50.141	6.227286153
58	-53.5848	6.227286153
62	-57.3472	6.227286153
66	-61.1144	6.227286153
70	-62.9178	6.227286153
74	-68.8214	6.227286153
78	-71.9562	6.227286153
82	-77.3261	6.227286153
86	-79.649	6.227286153
90	-83.5855	6.227286153
94	-90.0913	6.227286153
98	-93.0603	6.227286153
2	1.34509	2.979583759
6	-2.61043	14.88440834
10	-7.06302	15.00693389
14	-10.2064	15.02176709
18	-13.8443	15.01722329
22	-17.7091	15.01750091
26	-21.7604	15.01748663
30	-26.8901	15.01748748
34	-29.8561	15.01748746
38	-34.8879	15.01748745
42	-38.343	15.01748745
46	-41.2903	15.01748745
50	-45.6653	15.01748745
54	-50.4942	15.01748745
58	-53.8049	15.01748745
62	-57.0655	15.01748745
66	-62.4781	15.01748745
70	-65.4231	15.01748745
74	-69.8939	15.01748745
78	-74.815	15.01748745
82	-77.7025	15.01748745
86	-81.5095	15.01748745
90	-86.1454	15.01748745
94	-90.7061	15.01748745
98	-94.0299	15.01748745
2	1.14966	4.214620331
6	0.980907	8.738702772
10	-1.70938	4.486549535
14	-7.50149	4.480071401
18	-9.78019	4.479709246
22	-15.2283	4.479741053
26	-18.4974	4.479740862
30	-21.1289	4.479741104
34	-25.7177	4.479741102
38	-30.5585	4.479741103
42	-33.9272	4.479741103
46	-38.2099	4.479741103
50	-41.901	4.479741103
54	-46.6714	4.479741103
58	-50.4653	4.479741103
62	-52.8919	4.479741103
66	-58.2073	4.479741103
70	-63.3249	4.479741103
74	-66.2807	4.479741103
78	-69.0473	4.479741103
82	-74.8934	4.479741103
86	-78.1249	4.479741103
90	-83.7417	4.479741103
94	-85.467	4.479741103
98	-89.3469	4.479741103
2	0.689447	307.427381
6	-2.5915	98.331358
10	-5.13482	45.39225956
14	-7.82879	45.68655262
18	-12.7654	45.59392823
22	-16.1265	45.59627883
26	-20.6709	45.59602149
30	-25.1716	45.59602923
34	-30.9441	45.59602913
38	-34.907	45.59602909
42	-37.2357	45.5960291
46	-40.9329	45.5960291
50	-45.1619	45.5960291
54	-50.8965	45.5960291
58	-51.9042	45.5960291
62	-55.6327	45.5960291
66	-60.7148	45.5960291
70	-65.3941	45.5960291
74	-69.6956	45.5960291
78	-71.6341	45.5960291
82	-77.6337	45.5960291
86	-80.668	45.5960291
90	-85.3491	45.5960291
94	-90.8197	45.5960291
98	-94.004	45.5960291
2	0.854095	27.67775309
6	-1.7341	16.33055754
10	-5.62874	15.4428038
14	-9.06336	15.4503556
18	-15.0124	15.45823385
22	-17.4127	15.45818857
26	-21.6161	15.45818616
30	-23.9071	15.45818619
34	-30.5629	15.45818617
38	-33.2718	15.45818617
42	-38.7099	15.45818617
46	-41.3658	15.45818617
50	-45.8465	15.45818617
54	-50.2296	15.45818617
58	-52.9945	15.45818617
62	-58.2734	15.45818617
66	-61.6246	15.45818617
70	-65.1642	15.45818617
74	-69.7568	15.45818617
78	-74.8097	15.45818617
82	-77.4525	15.45818617
86	-81.2962	15.45818617
90	-86.4436	15.45818617
94	-89.5574	15.45818617
98	-94.1953	15.45818617
2	1.39185	7.493447053
6	-0.695446	4.900748928
10	-6.07395	5.07302514
14	-9.63452	5.066015392
18	-15.4676	5.0661401
22	-18.1778	5.066106769
26	-21.263	5.066104494
30	-25.0529	5.066104242
34	-29.246	5.066104245
38	-34.0649	5.066104244
42	-38.0545	5.066104244
46	-41.741	5.066104244
50	-46.8386	5.066104244
54	-49.6905	5.066104244
58	-53.408	5.066104244
62	-57.7293	5.066104244
66	-62.0002	5.066104244
70	-66.4618	5.066104244
74	-70.4071	5.066104244
78	-73.2767	5.066104244
82	-77.5237	5.066104244
86	-82.3846	5.066104244
90	-86.0264	5.066104244
94	-89.5925	5.066104244
98	-93.8719	5.066104244
2	0.378489	24.32681249
6	-1.50975	33.33760213
10	-6.37716	30.40066173
14	-10.024	30.452976
18	-13.9746	30.44717036
22	-18.5097	30.44669073
26	-21.7889	30.44673563
30	-24.9168	30.4467402
34	-29.8084	30.44674002
38	-34.0314	30.44674004
42	-39.8215	30.44674004
46	-41.3654	30.44674004
50	-45.2045	30.44674004
54	-49.2895	30.44674004
58	-55.3311	30.44674004
62	-59.6126	30.44674004
66	-60.9734	30.44674004
70	-65.9914	30.44674004
74	-70.5331	30.44674004
78	-73.0571	30.44674004
82	-77.7761	30.44674004
86	-81.0775	30.44674004
90	-86.3931	30.44674004
94	-90.5157	30.44674004
98	-93.7217	30.44674004
2	3.45542	11.67800787
6	-1.29673	85.8073115
10	-4.71692	74.2300026
14	-9.28324	72.5848656
18	-12.013	72.63952503
22	-17.3564	72.63616714
26	-21.3171	72.63580338
30	-26.0185	72.6358031
34	-29.395	72.63580314
38	-32.8959	72.63580307
42	-36.96	72.63580308
46	-39.4799	72.63580308
50	-44.5898	72.63580308
54	-48.9724	72.63580308
58	-53.2201	72.63580308
62	-57.2854	72.63580308
66	-60.5881	72.63580308
70	-65.5463	72.63580308
74	-68.8292	72.63580308
78	-72.2671	72.63580308
82	-76.9176	72.63580308
86	-81.2717	72.63580308
90	-85.7387	72.63580308
94	-89.5096	72.63580308
98	-92.4015	72.63580308
2	0.970941	28.56378621
6	-1.33259	23.42904843
10	-5.89699	22.07923487
14	-9.4898	22.14838033
18	-13.8541	22.13800022
22	-18.1701	22.13756189
26	-21.782	22.13758812
30	-25.448	22.13758882
34	-30.0431	22.13758893
38	-35.3622	22.13758894
42	-39.1119	22.13758894
46	-42.3668	22.13758894
50	-46.0677	22.13758894
54	-49.8708	22.13758894
58	-54.2729	22.13758894
62	-56.8026	22.13758894
66	-62.1682	22.13758894
70	-66.3551	22.13758894
74	-69.4199	22.13758894
78	-73.0622	22.13758894
82	-77.858	22.13758894
86	-82.0552	22.13758894
90	-86.3433	22.13758894
94	-89.9443	22.13758894
98	-93.8168	22.13758894
2	3.01287	24.95311703
6	-2.33627	19.18482811
10	-6.82571	17.50418205
14	-10.2506	17.45080824
18	-13.7485	17.45444474
22	-18.6624	17.45425599
26	-22.6275	17.45427142
30	-26.1028	17.45426976
34	-29.7348	17.45426971
38	-34.042	17.45426971
42	-38.9897	17.45426971
46	-42.8443	17.45426971
50	-46.1514	17.45426971
54	-50.6479	17.45426971
58	-53.9364	17.45426971
62	-57.6402	17.45426971
66	-63.2177	17.45426971
70	-66.4065	17.45426971
74	-69.6803	17.45426971
78	-73.7565	17.45426971
82	-77.4769	17.45426971
86	-82.924	17.45426971
90	-85.9989	17.45426971
94	-90.0575	17.45426971
98	-94.893	17.45426971
2	1.29186	11.47140751
6	-2.47094	19.99455077
10	-5.92925	20.14570795
14	-10.4719	20.28752472
18	-13.6996	20.27947959
22	-17.2852	20.2791067
26	-22.9693	20.27909881
30	-26.4336	20.27909866
34	-30.2022	20.27909863
38	-34.6708	20.27909864
42	-37.9399	20.27909864
46	-40.6235	20.27909864
50	-45.8376	20.27909864
54	-49.9375	20.27909864
58	-54.048	20.27909864
62	-58.2757	20.27909864
66	-61.647	20.27909864
70	-66.2504	20.27909864
74	-70.9541	20.27909864
78	-74.0737	20.27909864
82	-78.4702	20.27909864
86	-82.2837	20.27909864
90	-85.1968	20.27909864
94	-90.0638	20.27909864
98	-93.1323	20.27909864
2	1.73742	69.52852845
6	-1.63998	26.07896966
10	-5.59495	8.895589984
14	-8.2057	8.890666802
18	-14.2338	8.889455991
22	-17.6604	8.889470953
26	-19.9697	8.889462521
30	-24.2746	8.889462259
34	-31.7727	8.889462265
38	-32.9981	8.889462266
42	-37.8699	8.889462266
46	-42.6595	8.889462266
50	-45.7443	8.889462266
54	-48.9845	8.889462266
58	-52.4217	8.889462266
62	-56.6877	8.889462266
66	-62.7627	8.889462266
70	-67.3664	8.889462266
74	-69.1258	8.889462266
78	-72.9903	8.889462266
82	-76.8615	8.889462266
86	-80.9252	8.889462266
90	-84.403	8.889462266
94	-88.9904	8.889462266
98	-93.906	8.889462266
2	0.851387	9.565653491
6	-3.00099	54.4251924
10	-6.56734	49.74362979
14	-9.90134	49.48465196
18	-14.0681	49.4737363
22	-17.7768	49.47524741
26	-22.3669	49.47528377
30	-25.5968	49.4752841
34	-29.2513	49.47528312
38	-34.3989	49.47528315
42	-37.1328	49.47528315
46	-42.5686	49.47528315
50	-45.6385	49.47528315
54	-50.7027	49.47528315
58	-53.4204	49.47528315
62	-57.9887	49.47528315
66	-62.6539	49.47528315
70	-65.3583	49.47528315
74	-70.1983	49.47528315
78	-73.7841	49.47528315
82	-78.1828	49.47528315
86	-82.0798	49.47528315
90	-86.2328	49.47528315
94	-90.1108	49.47528315
98	-94.1488	49.47528315
2	1.1094	6.050294698
6	-1.37347	7.789387782
10	-5.62448	8.426963687
14	-8.00336	8.43451004
18	-12.2618	8.435606519
22	-15.342	8.435626356
26	-20.6123	8.435634775
30	-25.2191	8.435634665
34	-29.9529	8.435634643
38	-32.5072	8.435634646
42	-36.2873	8.435634646
46	-41.0449	8.435634646
50	-45.5997	8.435634646
54	-49.2245	8.435634646
58	-54.3385	8.435634646
62	-58.7948	8.435634646
66	-61.5365	8.435634646
70	-65.8063	8.435634646
74	-69.4429	8.435634646
78	-71.6059	8.435634646
82	-77.0706	8.435634646
86	-82.0134	8.435634646
90	-85.4212	8.435634646
94	-90.2101	8.435634646
98	-92.8673	8.435634646
2	2.46745	16.95982329
6	-1.15906	20.51306188
10	-4.73274	18.26340946
14	-7.27884	18.22020961
18	-10.1331	18.23037766
22	-15.0359	18.23029779
26	-19.2602	18.23030155
30	-23.785	18.23030102
34	-26.8239	18.23030099
38	-32.4361	18.23030099
42	-38.7546	18.23030099
46	-38.2906	18.23030099
50	-43.3982	18.23030099
54	-46.7028	18.23030099
58	-53.0007	18.23030099
62	-54.4055	18.23030099
66	-58.9228	18.23030099
70	-64.1099	18.23030099
74	-68.2929	18.23030099
78	-71.9578	18.23030099
82	-75.8357	18.23030099
86	-81.1274	18.23030099
90	-82.9646	18.23030099
94	-89.5931	18.23030099
98	-94.1997	18.23030099
2	0.28172	8.48866521
6	-2.70927	27.28610743
10	-7.52013	29.63737346
14	-9.94021	29.3587903
18	-14.627	29.34677558
22	-18.0976	29.34836207
26	-22.8545	29.34823303
30	-25.3874	29.3482303
34	-30.314	29.34822994
38	-34.0681	29.34822993
42	-37.609	29.34822993
46	-41.9797	29.34822993
50	-46.0249	29.34822993
54	-50.551	29.34822993
58	-54.1333	29.34822993
62	-58.4724	29.34822993
66	-62.2442	29.34822993
70	-65.767	29.34822993
74	-70.8692	29.34822993
78	-73.9844	29.34822993
82	-78.7163	29.34822993
86	-82.8412	29.34822993
90	-85.3902	29.34822993
94	-90.1907	29.34822993
98	-93.5358	29.34822993
2	1.82681	5.631797601
6	-2.04309	19.59493524
10	-5.44112	18.65071773
14	-10.1638	18.65498837
18	-14.2621	18.65733711
22	-19.4698	18.65746307
26	-21.3452	18.6574707
30	-26.2067	18.65746981
34	-29.9537	18.65746975
38	-33.8249	18.65746975
42	-38.236	18.65746975
46	-41.8366	18.65746975
50	-46.5126	18.65746975
54	-50.1696	18.65746975
58	-54.4366	18.65746975
62	-57.9702	18.65746975
66	-61.7153	18.65746975
70	-66.7474	18.65746975
74	-70.846	18.65746975
78	-74.3349	18.65746975
82	-77.4585	18.65746975
86	-82.2077	18.65746975
90	-85.718	18.65746975
94	-90.0175	18.65746975
98	-94.6889	18.65746975
2	1.86745	20.44269998
6	-0.106544	5.703630837
10	-5.74762	13.31615891
14	-9.5922	13.35657406
18	-13.2226	13.35342288
22	-16.5113	13.35372826
26	-22.4006	13.35372168
30	-24.7305	13.35372093
34	-28.9365	13.35372092
38	-33.2292	13.35372091
42	-36.5634	13.35372091
46	-41.1407	13.35372091
50	-45.1254	13.35372091
54	-49.9618	13.35372091
58	-53.0126	13.35372091
62	-57.3933	13.35372091
66	-60.025	13.35372091
70	-66.1211	13.35372091
74	-69.662	13.35372091
78	-72.8273	13.35372091
82	-77.3976	13.35372091
86	-81.2015	13.35372091
90	-85.5363	13.35372091
94	-88.2922	13.35372091
98	-91.5261	13.35372091
2	1.57682	21.89041088
6	-2.06964	9.022372271
10	-5.29095	9.305112581
14	-10.3209	9.301027053
18	-14.3293	9.302065823
22	-17.4682	9.302004153
26	-22.3458	9.302007548
30	-26.0701	9.302007228
34	-29.2738	9.302007207
38	-34.0594	9.302007205
42	-38.1548	9.302007205
46	-41.6343	9.302007205
50	-46.0278	9.302007205
54	-48.9342	9.302007205
58	-54.4814	9.302007205
62	-57.3401	9.302007205
66	-62.2128	9.302007205
70	-66.5888	9.302007205
74	-70.5938	9.302007205
78	-73.7991	9.302007205
82	-78.1793	9.302007205
86	-82.2926	9.302007205
90	-85.0591	9.302007205
94	-89.8353	9.302007205
98	-94.4885	9.302007205
2	1.09869	27.49686953
6	-3.00111	6.351675499
10	-5.98931	6.39084217
14	-10.2506	6.412262526
18	-14.3723	6.411252026
22	-18.1287	6.41134182
26	-22.722	6.411341206
30	-25.8398	6.411341327
34	-30.7439	6.411341312
38	-34.6778	6.411341313
42	-38.5147	6.411341313
46	-41.8395	6.411341313
50	-46.5031	6.411341313
54	-50.6798	6.411341313
58	-54.2599	6.411341313
62	-57.8027	6.411341313
66	-62.002	6.411341313
70	-66.8514	6.411341313
74	-70.9935	6.411341313
78	-74.1287	6.411341313
82	-78.2245	6.411341313
86	-82.5342	6.411341313
90	-85.7571	6.411341313
94	-90.3167	6.411341313
98	-94.9822	6.411341313
2	2.44305	12.64978067
6	-2.23452	14.74671342
10	-6.83477	14.45882066
14	-9.96836	14.48029629
18	-15.0734	14.48458329
22	-18.8008	14.48464796
26	-22.1046	14.48465059
30	-27.1257	14.48465067
34	-30.8591	14.48465071
38	-34.16	14.48465071
42	-38.4685	14.48465071
46	-42.0527	14.48465071
50	-46.8197	14.48465071
54	-50.8035	14.48465071
58	-55.2925	14.48465071
62	-58.1881	14.48465071
66	-61.8162	14.48465071
70	-66.5305	14.48465071
74	-70.1028	14.48465071
78	-73.778	14.48465071
82	-77.8933	14.48465071
86	-82.3433	14.48465071
90	-86.7642	14.48465071
94	-90.6711	14.48465071
98	-93.9651	14.48465071
2	1.40895	5.205672906
6	0.0918856	5.793348781
10	-4.97192	7.027413028
14	-10.0431	7.058619628
18	-12.5514	7.058781883
22	-17.4759	7.058714651
26	-22.0325	7.058706114
30	-24.2964	7.058706271
34	-30.2835	7.058706283
38	-32.8352	7.058706284
42	-37.5954	7.058706284
46	-42.7382	7.058706284
50	-45.8565	7.058706284
54	-49.3577	7.058706284
58	-52.7031	7.058706284
62	-57.0004	7.058706284
66	-61.0836	7.058706284
70	-66.5218	7.058706284
74	-70.5912	7.058706284
78	-73.9146	7.058706284
82	-77.5629	7.058706284
86	-81.3324	7.058706284
90	-85.2437	7.058706284
94	-89.598	7.058706284
98	-94.6187	7.058706284
2	1.40642	11.27871768
6	-2.32478	8.92763896
10	-6.31978	9.276023189
14	-10.269	9.295987107
18	-14.1262	9.291015807
22	-18.2355	9.290885053
26	-23.1146	9.290889861
30	-25.9672	9.290890151
34	-29.189	9.290890155
38	-34.3471	9.290890152
42	-38.4134	9.290890153
46	-41.9559	9.290890153
50	-46.4649	9.290890153
54	-50.8767	9.290890153
58	-54.7857	9.290890153
62	-57.9526	9.290890153
66	-62.0524	9.290890153
70	-66.6462	9.290890153
74	-69.8382	9.290890153
78	-73.5008	9.290890153
82	-77.2972	9.290890153
86	-80.8936	9.290890153
90	-86.2054	9.290890153
94	-89.0102	9.290890153
98	-93.1554	9.290890153
2	2.40021	13.20939323
6	-1.76317	33.71811002
10	-5.56419	27.12110037
14	-9.7144	27.48944554
18	-15.0305	27.47092419
22	-18.6887	27.47131425
26	-22.2107	27.47140701
30	-25.7897	27.47141536
34	-30.2422	27.47141498
38	-34.1749	27.471415
42	-37.9887	27.471415
46	-41.5223	27.471415
50	-45.9572	27.471415
54	-49.9991	27.471415
58	-54.2238	27.471415
62	-58.6166	27.471415
66	-62.2362	27.471415
70	-65.9519	27.471415
74	-69.7228	27.471415
78	-74.0839	27.471415
82	-77.4401	27.471415
86	-82.7976	27.471415
90	-86.3876	27.471415
94	-89.8973	27.471415
98	-93.8944	27.471415
2	1.92258	95.8378671
6	-1.34971	24.17489955
10	-5.48833	25.6391007
14	-7.41385	25.68136986
18	-12.279	25.68109225
22	-16.2181	25.68072982
26	-20.8853	25.68075954
30	-25.4115	25.68075941
34	-30.5013	25.68075928
38	-32.5437	25.68075928
42	-36.6154	25.68075928
46	-41.3218	25.68075928
50	-44.5679	25.68075928
54	-50.2157	25.68075928
58	-53.3951	25.68075928
62	-58.8336	25.68075928
66	-60.577	25.68075928
70	-64.1114	25.68075928
74	-69.1407	25.68075928
78	-74.5604	25.68075928
82	-75.813	25.68075928
86	-81.9299	25.68075928
90	-83.5014	25.68075928
94	-87.0313	25.68075928
98	-90.7027	25.68075928
2	1.93963	38.78500432
6	-2.33321	5.590032129
10	-5.78716	5.41272312
14	-10.4583	5.407271907
18	-13.8312	5.407213604
22	-17.7672	5.407167596
26	-21.7545	5.407170288
30	-26.0803	5.407169975
34	-30.4451	5.407169963
38	-34.1941	5.407169963
42	-38.5293	5.407169963
46	-43.0095	5.407169963
50	-46.4296	5.407169963
54	-49.4115	5.407169963
58	-54.1613	5.407169963
62	-57.8089	5.407169963
66	-61.4734	5.407169963
70	-65.5992	5.407169963
74	-70.2427	5.407169963
78	-73.5669	5.407169963
82	-78.0512	5.407169963
86	-81.553	5.407169963
90	-86.428	5.407169963
94	-89.6319	5.407169963
98	-93.8911	5.407169963
2	1.45636	8.245135423
6	-1.61642	19.13985523
10	-4.58584	24.1575234
14	-7.6366	23.82803827
18	-10.9565	23.82812181
22	-14.6725	23.82856382
26	-18.3995	23.82857859
30	-21.2391	23.82858392
34	-30.1381	23.82858371
38	-29.994	23.8285837
42	-34.5627	23.8285837
46	-40.251	23.8285837
50	-43.4455	23.8285837
54	-45.6809	23.8285837
58	-50.4875	23.8285837
62	-54.7237	23.8285837
66	-58.4135	23.8285837
70	-64.6284	23.8285837
74	-66.0281	23.8285837
78	-70.0088	23.8285837
82	-74.0066	23.8285837
86	-80.1364	23.8285837
90	-82.0115	23.8285837
94	-87.34	23.8285837
98	-89.3838	23.8285837
2	0.588421	96.79167099
6	-1.09989	5.925825391
10	-7.0804	5.422533319
14	-11.1249	5.410333888
18	-13.8699	5.409205528
22	-18.1652	5.409270515
26	-22.1689	5.409264539
30	-26.9052	5.409265262
34	-29.8239	5.409265253
38	-34.7621	5.40926525
42	-37.2492	5.409265251
46	-41.8789	5.409265251
50	-45.9516	5.409265251
54	-49.8138	5.409265251
58	-54.293	5.409265251
62	-58.456	5.409265251
66	-62.0698	5.409265251
70	-66.9234	5.409265251
74	-69.9912	5.409265251
78	-73.724	5.409265251
82	-77.6909	5.409265251
86	-83.2966	5.409265251
90	-85.6704	5.409265251
94	-90.2074	5.409265251
98	-94.9853	5.409265251
2	2.06202	197.0371326
6	-1.35414	28.17534141
10	-6.20174	30.28213934
14	-11.2262	30.61167241
18	-14.3591	30.60886464
22	-17.228	30.60729836
26	-22.8683	30.60737223
30	-24.9566	30.60737548
34	-29.8652	30.60737562
38	-33.6233	30.6073756
42	-37.872	30.6073756
46	-42.4944	30.6073756
50	-46.4122	30.6073756
54	-50.1048	30.6073756
58	-53.1132	30.6073756
62	-58.4077	30.6073756
66	-61.4543	30.6073756
70	-66.4067	30.6073756
74	-68.8646	30.6073756
78	-73.2091	30.6073756
82	-77.8492	30.6073756
86	-82.3064	30.6073756
90	-86.8185	30.6073756
94	-89.6308	30.6073756
98	-93.5163	30.6073756
2	1.69914	11.52776182
6	-2.60383	12.10596343
10	-7.60568	11.74257664
14	-10.9144	11.70256962
18	-14.2089	11.70455001
22	-18.1891	11.70471955
26	-21.6794	11.7047313
30	-25.8231	11.70473093
34	-29.808	11.70473089
38	-36.1351	11.70473089
42	-38.4184	11.70473089
46	-41.362	11.70473089
50	-45.8897	11.70473089
54	-50.8338	11.70473089
58	-54.7047	11.70473089
62	-58.2633	11.70473089
66	-62.139	11.70473089
70	-66.3988	11.70473089
74	-70.0245	11.70473089
78	-74.7684	11.70473089
82	-77.938	11.70473089
86	-82.8014	11.70473089
90	-86.4984	11.70473089
94	-89.3906	11.70473089
98	-94.2353	11.70473089
2	1.07912	9.856821031
6	-0.257768	7.955882728
10	-3.67925	7.617083795
14	-8.65063	23.94242137
18	-12.3411	23.94781325
22	-17.2859	23.94679686
26	-21.6886	23.94680044
30	-25.4722	23.94680012
34	-29.6529	23.94680008
38	-33.5068	23.94680009
42	-36.0858	23.94680009
46	-41.3995	23.94680009
50	-44.3751	23.94680009
54	-48.4907	23.94680009
58	-54.1291	23.94680009
62	-56.6241	23.94680009
66	-60.6842	23.94680009
70	-64.6334	23.94680009
74	-68.0373	23.94680009
78	-73.9045	23.94680009
82	-76.0454	23.94680009
86	-81.6563	23.94680009
90	-85.9606	23.94680009
94	-89.6278	23.94680009
98	-92.9477	23.94680009
2	1.50217	56.85996679
6	-1.97929	9.149891285
10	-4.79187	9.016292544
14	-9.0834	9.026781718
18	-13.0184	9.026282916
22	-18.0301	9.026201297
26	-20.8499	9.026206048
30	-26.0059	9.026206434
34	-28.0707	9.026206452
38	-34.5165	9.026206451
42	-36.8791	9.026206451
46	-41.9685	9.026206451
50	-44.8965	9.026206451
54	-50.3222	9.026206451
58	-53.4629	9.026206451
62	-57.3323	9.026206451
66	-60.4693	9.026206451
70	-65.8149	9.026206451
74	-70.0674	9.026206451
78	-72.2832	9.026206451
82	-77.2134	9.026206451
86	-82.1853	9.026206451
90	-85.3043	9.026206451
94	-89.72	9.026206451
98	-94.4491	9.026206451
2	0.625515	21.83301345
6	-2.15251	23.47665548
10	-5.3773	26.31402964
14	-10.6823	26.06311574
18	-14.3045	26.06120713
22	-17.8748	26.06067647
26	-22.4407	26.06069028
30	-25.3545	26.0606924
34	-30.0336	26.0606922
38	-33.4564	26.06069221
42	-37.6408	26.06069221
46	-41.37	26.06069221
50	-46.6682	26.06069221
54	-50.5514	26.06069221
58	-54.2482	26.06069221
62	-56.9476	26.06069221
66	-61.6241	26.06069221
70	-65.9887	26.06069221
74	-69.96	26.06069221
78	-73.5346	26.06069221
82	-77.4273	26.06069221
86	-81.7156	26.06069221
90	-86.7668	26.06069221
94	-89.737	26.06069221
98	-95.742	26.06069221
2	1.54528	30.28197417
6	-1.16758	8.125805057
10	-4.73615	7.63971823
14	-10.0999	7.617715383
18	-12.6464	7.61678781
22	-17.3954	7.616883669
26	-20.6891	7.616874826
30	-23.9528	7.616875079
34	-29.8057	7.616875052
38	-32.1905	7.616875054
42	-37.1635	7.616875054
46	-41.2817	7.616875054
50	-44.771	7.616875054
54	-49.7196	7.616875054
58	-53.9381	7.616875054
62	-58.3831	7.616875054
66	-61.1779	7.616875054
70	-65.8118	7.616875054
74	-70.6274	7.616875054
78	-73.3789	7.616875054
82	-77.9579	7.616875054
86	-81.2326	7.616875054
90	-86.9069	7.616875054
94	-88.3232	7.616875054
98	-93.5936	7.616875054
2	1.40555	18.99654533
6	-1.40225	10.83525854
10	-5.12162	11.09636823
14	-10.2789	11.09225431
18	-13.3318	11.09154222
22	-16.6776	11.09163046
26	-22.0093	11.09165524
30	-25.3272	11.091655
34	-29.0161	11.09165501
38	-33.8715	11.09165501
42	-37.9881	11.09165501
46	-41.297	11.09165501
50	-45.1082	11.09165501
54	-49.3013	11.09165501
58	-52.3969	11.09165501
62	-57.6007	11.09165501
66	-60.5718	11.09165501
70	-66.3493	11.09165501
74	-69.5107	11.09165501
78	-72.8788	11.09165501
82	-78.3638	11.09165501
86	-81.5151	11.09165501
90	-85.8613	11.09165501
94	-89.7697	11.09165501
98	-93.2378	11.09165501
2	1.49618	4.750583272
6	-2.24653	22.3385622
10	-4.20743	39.25572514
14	-9.84775	39.44030031
18	-13.1608	39.46044699
22	-17.157	39.46023197
26	-21.2037	39.46020466
30	-26.3672	39.46018259
34	-28.2893	39.46018322
38	-32.9065	39.46018325
42	-37.8067	39.46018325
46	-42.0524	39.46018325
50	-45.3089	39.46018325
54	-50.3196	39.46018325
58	-56.3954	39.46018325
62	-57.0178	39.46018325
66	-62.1103	39.46018325
70	-64.7104	39.46018325
74	-69.6588	39.46018325
78	-73.5304	39.46018325
82	-76.6104	39.46018325
86	-80.5248	39.46018325
90	-84.7918	39.46018325
94	-89.4762	39.46018325
98	-92.3163	39.46018325
2	0.598802	24.00691832
6	-2.41323	34.94657346
10	-5.86947	33.40266892
14	-9.14893	33.68912483
18	-13.6477	33.68877825
22	-18.6408	33.6893953
26	-21.7066	33.68939471
30	-25.7047	33.68939134
34	-29.9139	33.68939159
38	-33.2455	33.68939161
42	-37.2165	33.68939161
46	-40.5095	33.68939161
50	-45.916	33.68939161
54	-50.0148	33.68939161
58	-53.9354	33.68939161
62	-57.3792	33.68939161
66	-60.9985	33.68939161
70	-66.0318	33.68939161
74	-70.2914	33.68939161
78	-73.7984	33.68939161
82	-78.3155	33.68939161
86	-82.6535	33.68939161
90	-85.5553	33.68939161
94	-89.9659	33.68939161
98	-93.0408	33.68939161
2	1.99528	73.07227066
6	-1.96272	5.9572452
10	-4.26355	5.979838527
14	-7.91935	5.944267867
18	-12.5088	5.944452479
22	-19.1206	5.944490117
26	-21.5749	5.944483997
30	-24.8202	5.944483954
34	-29.0178	5.944483964
38	-34.3218	5.944483963
42	-37.9295	5.944483963
46	-41.4519	5.944483963
50	-45.6176	5.944483963
54	-49.5384	5.944483963
58	-52.3373	5.944483963
62	-56.9678	5.944483963
66	-61.3169	5.944483963
70	-66.1298	5.944483963
74	-69.7794	5.944483963
78	-73.0768	5.944483963
82	-77.464	5.944483963
86	-82.7285	5.944483963
90	-83.2874	5.944483963
94	-87.3056	5.944483963
98	-92.0101	5.944483963
2	1.1275	3.088069264
6	-1.23911	9.692210383
10	-5.83484	10.13528037
14	-7.36958	10.16904211
18	-12.7465	10.1688266
22	-15.8071	10.16881553
26	-21.1742	10.16881299
30	-25.5454	10.16881301
34	-29.5208	10.16881303
38	-34.4181	10.16881303
42	-36.5479	10.16881303
46	-40.9731	10.16881303
50	-45.571	10.16881303
54	-48.4691	10.16881303
58	-52.8288	10.16881303
62	-56.2015	10.16881303
66	-60.0015	10.16881303
70	-65.5848	10.16881303
74	-70.0444	10.16881303
78	-72.6968	10.16881303
82	-77.7427	10.16881303
86	-80.2453	10.16881303
90	-83.7371	10.16881303
94	-88.707	10.16881303
98	-94.1736	10.16881303
2	0.507512	5.4717703
6	-1.79612	46.58831799
10	-6.44988	51.857743
14	-10.2968	51.41031641
18	-14.1556	51.35012225
22	-18.2761	51.35436777
26	-22.0906	51.35443163
30	-26.0269	51.35442276
34	-31.0749	51.35442283
38	-33.5965	51.35442292
42	-37.6106	51.35442292
46	-41.9063	51.35442292
50	-46.9209	51.35442292
54	-50.4601	51.35442292
58	-54.1833	51.35442292
62	-58.5089	51.35442292
66	-62.7604	51.35442292
70	-66.4753	51.35442292
74	-69.8967	51.35442292
78	-74.9409	51.35442292
82	-78.3938	51.35442292
86	-82.1999	51.35442292
90	-85.9256	51.35442292
94	-90.5326	51.35442292
98	-94.4515	51.35442292
2	1.02295	12686.38937
6	-2.17363	6.855943219
10	-5.62966	7.127601687
14	-9.62828	7.1233475
18	-13.9489	7.122944537
22	-17.3496	7.122945497
26	-22.4442	7.12295302
30	-26.4665	7.122952863
34	-29.7287	7.122952868
38	-33.9043	7.122952867
42	-37.425	7.122952867
46	-41.9977	7.122952867
50	-45.322	7.122952867
54	-50.3758	7.122952867
58	-54.3604	7.122952867
62	-58.092	7.122952867
66	-61.7136	7.122952867
70	-65.402	7.122952867
74	-70.3748	7.122952867
78	-73.6728	7.122952867
82	-77.5694	7.122952867
86	-81.519	7.122952867
90	-85.6976	7.122952867
94	-90.4913	7.122952867
98	-93.3557	7.122952867
2	2.07487	156.0608316
6	-0.300908	7.242249015
10	-4.82641	6.85628864
14	-9.10813	264.6817864
18	-14.2187	265.069553
22	-17.1011	265.0407527
26	-21.6171	265.0367982
30	-26.49	265.0366725
34	-28.515	265.0366789
38	-32.7188	265.0366787
42	-37.1931	265.0366787
46	-39.9562	265.0366787
50	-44.4452	265.0366787
54	-48.8707	265.0366787
58	-52.5935	265.0366787
62	-57.3414	265.0366787
66	-60.5188	265.0366787
70	-64.6888	265.0366787
74	-69.2791	265.0366787
78	-72.5008	265.0366787
82	-77.7215	265.0366787
86	-80.2932	265.0366787
90	-85.2413	265.0366787
94	-88.372	265.0366787
98	-92.5063	265.0366787
2	0.99023	7.747370205
6	-0.680991	5.406740558
10	-5.63062	7.775398059
14	-10.2661	7.779425398
18	-14.2736	7.780006777
22	-17.6251	7.779925422
26	-21.6464	7.779930114
30	-26.4116	7.779930197
34	-30.2395	7.779930201
38	-35.1353	7.779930201
42	-37.9689	7.779930201
46	-42.266	7.779930201
50	-45.0636	7.779930201
54	-50.7179	7.779930201
58	-52.4563	7.779930201
62	-58.9505	7.779930201
66	-62.3722	7.779930201
70	-65.4797	7.779930201
74	-71.0438	7.779930201
78	-72.9502	7.779930201
82	-78.594	7.779930201
86	-82.2866	7.779930201
90	-86.489	7.779930201
94	-90.3103	7.779930201
98	-93.0745	7.779930201
2	0.75497	16.12428535
6	-1.35206	12.19947683
10	-4.94115	12.20065136
14	-9.99266	12.17635408
18	-14.9322	12.17954934
22	-17.082	12.17941063
26	-21.5549	12.17941005
30	-26.1419	12.17940958
34	-29.8724	12.17940965
38	-33.4578	12.17940965
42	-37.8555	12.17940965
46	-42.496	12.17940965
50	-45.6335	12.17940965
54	-49.1368	12.17940965
58	-53.7091	12.17940965
62	-56.2479	12.17940965
66	-61.9464	12.17940965
70	-66.0337	12.17940965
74	-70.3885	12.17940965
78	-73.1785	12.17940965
82	-77.4456	12.17940965
86	-81.7985	12.17940965
90	-87.5746	12.17940965
94	-90.0841	12.17940965
98	-93.3472	12.17940965
2	2.20236	10.10342454
6	-0.8351	11.4064354
10	-3.31231	11.46584271
14	-8.26925	11.4143836
18	-12.5862	11.41732619
22	-16.6464	11.41732101
26	-21.0176	11.41731681
30	-25.0563	11.41731707
34	-29.9173	11.4173171
38	-31.4738	11.4173171
42	-36.0121	11.4173171
46	-39.5528	11.4173171
50	-46.2497	11.4173171
54	-48.3569	11.4173171
58	-53.0218	11.4173171
62	-55.872	11.4173171
66	-61.3501	11.4173171
70	-64.3896	11.4173171
74	-69.1566	11.4173171
78	-74.9146	11.4173171
82	-78.4931	11.4173171
86	-80.5488	11.4173171
90	-83.6624	11.4173171
94	-88.1729	11.4173171
98	-91.2927	11.4173171
2	1.69668	7.972602744
6	-2.43408	60.88245703
10	-5.70535	98.56261025
14	-10.2774	103.3748127
18	-14.3045	103.1476987
22	-17.5767	103.1505504
26	-21.4658	103.1488589
30	-25.8563	103.1488457
34	-29.8942	103.1488458
38	-33.3941	103.1488457
42	-37.733	103.1488457
46	-41.8358	103.1488457
50	-45.9403	103.1488457
54	-49.6146	103.1488457
58	-53.8287	103.1488457
62	-58.1027	103.1488457
66	-62.0557	103.1488457
70	-65.8487	103.1488457
74	-70.3733	103.1488457
78	-74.45	103.1488457
82	-77.6375	103.1488457
86	-81.5028	103.1488457
90	-87.9223	103.1488457
94	-90.3132	103.1488457
98	-93.4927	103.1488457
2	1.73475	43.32144304
6	-0.575236	34.56111401
10	-6.53572	38.56307671
14	-9.19003	38.61720065
18	-14.9377	38.61602821
22	-16.3965	38.6156489
26	-19.1518	38.61573083
30	-25.7531	38.61573135
34	-28.7785	38.61573146
38	-31.9588	38.61573146
42	-36.246	38.61573146
46	-39.6469	38.61573146
50	-46.6893	38.61573146
54	-49.4866	38.61573146
58	-52.786	38.61573146
62	-56.5999	38.61573146
66	-60.137	38.61573146
70	-64.0387	38.61573146
74	-67.6125	38.61573146
78	-73.085	38.61573146
82	-76.9818	38.61573146
86	-80.3636	38.61573146
90	-85.8928	38.61573146
94	-88.0123	38.61573146
98	-92.7417	38.61573146
2	1.79158	30.45088633
6	-1.84176	229682.87
10	-6.1282	8416.725862
14	-10.4376	5233.459781
18	-14.2568	5627.717501
22	-19.6819	5608.78412
26	-22.6519	5608.340132
30	-26.8461	5608.460025
34	-29.3467	5608.466431
38	-33.5892	5608.466318
42	-38.4814	5608.466329
46	-42.0667	5608.466327
50	-46.7779	5608.466327
54	-49.7073	5608.466327
58	-53.7629	5608.466327
62	-58.0705	5608.466327
66	-63.0952	5608.466327
70	-65.8671	5608.466327
74	-69.4967	5608.466327
78	-73.9882	5608.466327
82	-77.0313	5608.466327
86	-82.3731	5608.466327
90	-86.7391	5608.466327
94	-89.2983	5608.466327
98	-93.8914	5608.466327
2	1.63934	6.047844864
6	-2.09712	47.50255904
10	-5.41524	47.86891081
14	-9.51506	47.67110998
18	-12.4603	47.62213703
22	-17.2337	47.61833181
26	-22.0118	47.61829765
30	-25.2322	47.61828408
34	-29.5634	47.61828464
38	-33.9104	47.6182847
42	-37.0462	47.6182847
46	-41.6044	47.6182847
50	-45.6949	47.6182847
54	-48.9155	47.6182847
58	-53.4138	47.6182847
62	-57.2604	47.6182847
66	-59.6674	47.6182847
70	-65.0234	47.6182847
74	-69.7538	47.6182847
78	-74.6146	47.6182847
82	-77.1633	47.6182847
86	-80.524	47.6182847
90	-85.8391	47.6182847
94	-89.3792	47.6182847
98	-94.4487	47.6182847
2	2.6154	865.6432145
6	0.292138	24.78171627
10	-5.17235	7.182705547
14	-8.13765	7.160780638
18	-13.655	7.161602432
22	-17.2083	7.161637879
26	-21.4913	7.16163472
30	-24.9542	7.16163468
34	-28.0064	7.161634677
38	-34.1653	7.161634678
42	-35.4291	7.161634678
46	-40.626	7.161634678
50	-45.6102	7.161634678
54	-49.0978	7.161634678
58	-53.0538	7.161634678
62	-56.9145	7.161634678
66	-59.9066	7.161634678
70	-65.3399	7.161634678
74	-67.5737	7.161634678
78	-74.1707	7.161634678
82	-76.0784	7.161634678
86	-80.0926	7.161634678
90	-85.7224	7.161634678
94	-87.8352	7.161634678
98	-92.7449	7.161634678
2	1.95613	15.87799841
6	-0.858465	66.98698125
10	-6.06133	54.03994089
14	-9.79064	53.76278635
18	-14.6061	53.74755845
22	-17.5363	53.74817023
26	-21.4468	53.74810444
30	-26.1193	53.7481049
34	-30.5469	53.74810514
38	-34.0553	53.74810513
42	-37.4513	53.74810513
46	-42.0785	53.74810513
50	-45.796	53.74810513
54	-50.2312	53.74810513
58	-54.0698	53.74810513
62	-57.7591	53.74810513
66	-62.0352	53.74810513
70	-64.9417	53.74810513
74	-69.7129	53.74810513
78	-74.8278	53.74810513
82	-79.0978	53.74810513
86	-82.2569	53.74810513
90	-85.7888	53.74810513
94	-90.0206	53.74810513
98	-95.1709	53.74810513
2	0.542237	233.5513559
6	-1.93533	153.1287835
10	-6.03284	84.45562304
14	-9.12323	87.27867248
18	-14.2078	87.22775975
22	-18.3688	87.2296095
26	-22.9287	87.22983586
30	-25.869	87.22983068
34	-30.639	87.22983131
38	-32.9134	87.22983139
42	-37.9323	87.22983139
46	-42.5572	87.22983139
50	-45.8793	87.22983139
54	-50.0576	87.22983139
58	-53.5065	87.22983139
62	-58.029	87.22983139
66	-62.3644	87.22983139
70	-66.3558	87.22983139
74	-71.5536	87.22983139
78	-73.5302	87.22983139
82	-79.1404	87.22983139
86	-81.8393	87.22983139
90	-86.6324	87.22983139
94	-90.0506	87.22983139
98	-94.9887	87.22983139
2	1.24482	10.19054538
6	-2.14249	13.88567364
10	-6.59452	12.98290472
14	-9.99294	13.01041891
18	-14.1793	13.00816858
22	-17.2597	13.0080173
26	-21.0863	13.00803577
30	-26.6067	13.00803632
34	-30.5754	13.00803636
38	-33.792	13.00803637
42	-37.9882	13.00803637
46	-41.9974	13.00803637
50	-45.8284	13.00803637
54	-51.1908	13.00803637
58	-54.98	13.00803637
62	-58.1913	13.00803637
66	-61.8774	13.00803637
70	-65.6603	13.00803637
74	-69.5008	13.00803637
78	-74.9969	13.00803637
82	-79.0516	13.00803637
86	-82.2816	13.00803637
90	-85.1995	13.00803637
94	-90.2282	13.00803637
98	-95.6938	13.00803637
2	0.282799	29.71553576
6	-3.17597	16.82378287
10	-7.62649	15.73831383
14	-11.2334	15.75518583
18	-14.2519	15.75542313
22	-17.6546	15.7553031
26	-22.0992	15.75531132
30	-26.865	15.75531195
34	-31.4407	15.75531194
38	-35.7656	15.75531194
42	-38.501	15.75531194
46	-43.0946	15.75531194
50	-47.5272	15.75531194
54	-50.8066	15.75531194
58	-54.5278	15.75531194
62	-58.4864	15.75531194
66	-63.3648	15.75531194
70	-67.2035	15.75531194
74	-71.405	15.75531194
78	-74.9022	15.75531194
82	-79.6423	15.75531194
86	-82.6131	15.75531194
90	-86.4589	15.75531194
94	-90.563	15.75531194
98	-94.4619	15.75531194
2	0.743265	8.849743636
6	-2.5126	10.4838098
10	-5.58971	9.109404825
14	-9.97097	9.132633352
18	-13.511	9.132332089
22	-18.3291	9.132301927
26	-21.9254	9.132285883
30	-26.2891	9.132286433
34	-29.8256	9.132286405
38	-35.2106	9.132286405
42	-37.7456	9.132286405
46	-43.4446	9.132286405
50	-45.2989	9.132286405
54	-50.1622	9.132286405
58	-54.2663	9.132286405
62	-57.8909	9.132286405
66	-62.4718	9.132286405
70	-66.3987	9.132286405
74	-70.0827	9.132286405
78	-74.4135	9.132286405
82	-77.6416	9.132286405
86	-82.6893	9.132286405
90	-86.1117	9.132286405
94	-90.7565	9.132286405
98	-93.8457	9.132286405
2	0.514446	23.14675393
6	-2.57944	83.10245065
10	-6.28803	105.7819969
14	-9.04512	108.170854
18	-14.3963	108.4154566
22	-17.786	108.4060745
26	-22.5522	108.4050496
30	-26.2542	108.405053
34	-29.6951	108.4050465
38	-34.6974	108.4050466
42	-39.3878	108.4050466
46	-42.026	108.4050466
50	-46.0099	108.4050466
54	-49.3761	108.4050466
58	-53.5958	108.4050466
62	-57.3175	108.4050466
66	-62.5934	108.4050466
70	-65.6222	108.4050466
74	-70.1446	108.4050466
78	-74.3673	108.4050466
82	-77.2216	108.4050466
86	-81.1385	108.4050466
90	-85.6556	108.4050466
94	-90.414	108.4050466
98	-93.8958	108.4050466
2	2.13866	23.87542486
6	-1.36361	6.889727341
10	-7.73256	6.670854213
14	-9.49604	6.677638203
18	-13.5572	6.678655477
22	-18.0972	6.678643111
26	-21.6951	6.678638518
30	-26.1978	6.678638224
34	-29.8657	6.678638226
38	-33.4799	6.678638224
42	-37.0573	6.678638224
46	-41.7767	6.678638224
50	-46.3948	6.678638224
54	-49.5725	6.678638224
58	-53.8825	6.678638224
62	-57.6535	6.678638224
66	-62.3145	6.678638224
70	-64.1024	6.678638224
74	-68.879	6.678638224
78	-72.9456	6.678638224
82	-78.4664	6.678638224
86	-81.0839	6.678638224
90	-85.7275	6.678638224
94	-90.356	6.678638224
98	-94.3556	6.678638224
2	0.822645	14.20963019
6	-1.78975	12.87499389
10	-6.23347	13.77752513
14	-9.5839	13.86886587
18	-14.0217	13.85602412
22	-17.9585	13.85623873
26	-21.9093	13.85624111
30	-25.2097	13.856242
34	-29.9426	13.8562419
38	-33.5814	13.8562419
42	-38.2436	13.8562419
46	-41.2054	13.8562419
50	-46.7603	13.8562419
54	-49.2378	13.8562419
58	-53.9843	13.8562419
62	-57.4032	13.8562419
66	-62.0544	13.8562419
70	-65.2256	13.8562419
74	-70.5906	13.8562419
78	-73.7616	13.8562419
82	-78.2181	13.8562419
86	-81.7553	13.8562419
90	-85.5356	13.8562419
94	-89.523	13.8562419
98	-94.3219	13.8562419
2	0.774376	95.07844319
6	-1.10618	14.59113789
10	-6.23947	20.9861216
14	-8.64212	21.07908815
18	-14.0397	21.08087785
22	-17.9631	21.08076189
26	-20.8244	21.08075311
30	-26.1636	21.0807523
34	-29.9246	21.08075226
38	-34.39	21.08075226
42	-36.9049	21.08075226
46	-42.8766	21.08075226
50	-46.2042	21.08075226
54	-50.1723	21.08075226
58	-53.1761	21.08075226
62	-57.9318	21.08075226
66	-62.4166	21.08075226
70	-65.4672	21.08075226
74	-70.5626	21.08075226
78	-72.7484	21.08075226
82	-77.5519	21.08075226
86	-81.7243	21.08075226
90	-86.8618	21.08075226
94	-88.1376	21.08075226
98	-92.275	21.08075226
2	2.4772	4.961587249
6	-0.310018	5.933273809
10	-5.02335	13.27013161
14	-8.42497	13.31309199
18	-12.4225	13.31427618
22	-16.9938	13.31407018
26	-21.1456	13.31406013
30	-25.6199	13.31405986
34	-29.1267	13.3140599
38	-33.1455	13.3140599
42	-37.9215	13.3140599
46	-40.099	13.3140599
50	-45.0652	13.3140599
54	-49.6417	13.3140599
58	-52.9827	13.3140599
62	-56.2677	13.3140599
66	-60.8093	13.3140599
70	-65.2314	13.3140599
74	-68.8544	13.3140599
78	-73.7927	13.3140599
82	-76.9805	13.3140599
86	-82.0842	13.3140599
90	-85.4103	13.3140599
94	-88.607	13.3140599
98	-93.4317	13.3140599
2	0.544001	36.37504882
6	-1.11699	11.22533584
10	-5.64651	19.66701673
14	-9.76905	19.66588738
18	-14.2592	19.67816838
22	-18.1343	19.67824464
26	-22.7942	19.67826357
30	-25.8562	19.6782622
34	-29.7808	19.67826222
38	-34.4794	19.67826222
42	-37.4218	19.67826222
46	-42.1655	19.67826222
50	-45.0463	19.67826222
54	-50.898	19.67826222
58	-54.6084	19.67826222
62	-58.3103	19.67826222
66	-62.1153	19.67826222
70	-65.8969	19.67826222
74	-69.6847	19.67826222
78	-74.1077	19.67826222
82	-78.4846	19.67826222
86	-83.4253	19.67826222
90	-85.9121	19.67826222
94	-90.5719	19.67826222
98	-93.7364	19.67826222
2	0.561817	18.03476835
6	-0.233731	14.44831304
10	-4.90246	10.11093703
14	-8.62826	10.10720882
18	-13.4572	10.10716104
22	-17.8116	10.10704734
26	-21.614	10.10703972
30	-26.4762	10.10703876
34	-29.5892	10.10703874
38	-34.0767	10.10703874
42	-37.4786	10.10703874
46	-42.1765	10.10703874
50	-45.7547	10.10703874
54	-48.3505	10.10703874
58	-54.3685	10.10703874
62	-57.5579	10.10703874
66	-61.2751	10.10703874
70	-66.3684	10.10703874
74	-69.2643	10.10703874
78	-73.4216	10.10703874
82	-77.1005	10.10703874
86	-82.8636	10.10703874
90	-85.7015	10.10703874
94	-89.5399	10.10703874
98	-94.4218	10.10703874
2	1.62254	2.668917025
6	-1.95674	15.36963126
10	-6.40763	15.47867592
14	-11.0056	15.55791503
18	-14.3726	15.55086425
22	-18.38	15.55133023
26	-22.0769	15.55132588
30	-26.0942	15.55132482
34	-30.532	15.55132482
38	-33.1153	15.55132482
42	-38.3369	15.55132482
46	-42.4635	15.55132482
50	-45.9355	15.55132482
54	-50.0994	15.55132482
58	-54.3095	15.55132482
62	-57.7669	15.55132482
66	-61.1834	15.55132482
70	-66.3951	15.55132482
74	-69.869	15.55132482
78	-74.8668	15.55132482
82	-78.0786	15.55132482
86	-82.1948	15.55132482
90	-86.579	15.55132482
94	-89.8724	15.55132482
98	-96.0646	15.55132482
2	1.28041	91.29531137
6	-0.214794	102.4717532
10	-1.34793	7.498179204
14	-7.40863	136.0855056
18	-9.70756	135.5579957
22	-14.859	135.5720825
26	-17.056	135.5732202
30	-22.4653	135.5734708
34	-26.4061	135.5734605
38	-31.4094	135.5734597
42	-35.8408	135.5734597
46	-39.4532	135.5734597
50	-44.63	135.5734597
54	-45.3008	135.5734597
58	-50.534	135.5734597
62	-53.3937	135.5734597
66	-57.6994	135.5734597
70	-66.3624	135.5734597
74	-64.424	135.5734597
78	-70.3222	135.5734597
82	-74.5014	135.5734597
86	-76.5167	135.5734597
90	-81.5758	135.5734597
94	-85.6392	135.5734597
98	-90.2312	135.5734597
